調整日期,項目,單位,數量
19790801,電燈用電_包燈(100瓦以下),元／每燈每月,51
19790801,電燈用電_表燈_營業用(330度以下)_夏月,元／每度,3.5
19790801,電燈用電_表燈_營業用(330度以下)_非夏月,元／每度,3.5
19790801,電燈用電_表燈_營業用(331~500度)_夏月,元／每度,3.9
19790801,電燈用電_表燈_營業用(331~500度)_非夏月,元／每度,3.9
19790801,電燈用電_表燈_營業用(501~700度)_夏月,元／每度,4.2
19790801,電燈用電_表燈_營業用(501~700度)_非夏月,元／每度,4.2
19790801,電燈用電_表燈_營業用(701度以上)_夏月,元／每度,4.2
19790801,電燈用電_表燈_營業用(701度以上)_非夏月,元／每度,4.2
19790801,電燈用電_表燈_非營業用(110度以下)_夏月,元／每度,1.2
19790801,電燈用電_表燈_非營業用(110度以下)_非夏月,元／每度,1.2
19790801,電燈用電_表燈_非營業用(111~330度)_夏月,元／每度,1.8
19790801,電燈用電_表燈_非營業用(111~330度)_非夏月,元／每度,1.8
19790801,電燈用電_表燈_非營業用(331~500度)_夏月,元／每度,2.3
19790801,電燈用電_表燈_非營業用(331~500度)_非夏月,元／每度,2.3
19790801,電燈用電_表燈_非營業用(501~700度)_夏月,元／每度,2.3
19790801,電燈用電_表燈_非營業用(501~700度)_非夏月,元／每度,2.3
19790801,電燈用電_表燈_非營業用(701度以上)_夏月,元／每度,2.3
19790801,電燈用電_表燈_非營業用(701度以上)_非夏月,元／每度,2.3
19790801,綜合用電_低壓基本電費(按裝置容量計)_營業用_夏月,元／每瓩每月,126
19790801,綜合用電_低壓基本電費(按裝置容量計)_營業用_非夏月,元／每瓩每月,126
19790801,綜合用電_低壓基本電費(按裝置容量計)_非營業用_夏月,元／每瓩每月,108
19790801,綜合用電_低壓基本電費(按裝置容量計)_非營業用_非夏月,元／每瓩每月,108
19790801,綜合用電_高壓基本電費(按需量契約容量計)_營業用_夏月,元／每瓩每月,171
19790801,綜合用電_高壓基本電費(按需量契約容量計)_營業用_非夏月,元／每瓩每月,171
19790801,綜合用電_高壓基本電費(按需量契約容量計)_非營業用_夏月,元／每瓩每月,150
19790801,綜合用電_高壓基本電費(按需量契約容量計)_非營業用_非夏月,元／每瓩每月,150
19790801,電力用電_低壓供電基本電費(按裝置容量計)_夏月,元／每瓩每月,105
19790801,電力用電_低壓供電基本電費(按裝置容量計)_非夏月,元／每瓩每月,105
19790801,電力用電_高壓供電經常電價基本電費(按需量契約容量計)_夏月,元／每瓩每月,144
19790801,電力用電_高壓供電經常電價基本電費(按需量契約容量計)_非夏月,元／每瓩每月,144
19790801,電力用電_特高壓供電經常電價基本電費(按需量契約容量計)_夏月,元／每瓩每月,138
19790801,電力用電_特高壓供電經常電價基本電費(按需量契約容量計)_非夏月,元／每瓩每月,138
19800101,電燈用電_包燈(100瓦以下),元／每燈每月,66
19800101,電燈用電_表燈_營業用(330度以下)_夏月,元／每度,4.1
19800101,電燈用電_表燈_營業用(330度以下)_非夏月,元／每度,4.1
19800101,電燈用電_表燈_營業用(331~500度)_夏月,元／每度,5
19800101,電燈用電_表燈_營業用(331~500度)_非夏月,元／每度,5
19800101,電燈用電_表燈_營業用(501~700度)_夏月,元／每度,5
19800101,電燈用電_表燈_營業用(501~700度)_非夏月,元／每度,5
19800101,電燈用電_表燈_營業用(701度以上)_夏月,元／每度,5
19800101,電燈用電_表燈_營業用(701度以上)_非夏月,元／每度,5
19800101,電燈用電_表燈_非營業用(110度以下)_夏月,元／每度,1.4
19800101,電燈用電_表燈_非營業用(110度以下)_非夏月,元／每度,1.4
19800101,電燈用電_表燈_非營業用(111~330度)_夏月,元／每度,2.25
19800101,電燈用電_表燈_非營業用(111~330度)_非夏月,元／每度,2.25
19800101,電燈用電_表燈_非營業用(331~500度)_夏月,元／每度,2.9
19800101,電燈用電_表燈_非營業用(331~500度)_非夏月,元／每度,2.9
19800101,電燈用電_表燈_非營業用(501~700度)_夏月,元／每度,2.9
19800101,電燈用電_表燈_非營業用(501~700度)_非夏月,元／每度,2.9
19800101,電燈用電_表燈_非營業用(701度以上)_夏月,元／每度,2.9
19800101,電燈用電_表燈_非營業用(701度以上)_非夏月,元／每度,2.9
19800101,綜合用電_低壓基本電費(按裝置容量計)_營業用_夏月,元／每瓩每月,156
19800101,綜合用電_低壓基本電費(按裝置容量計)_營業用_非夏月,元／每瓩每月,156
19800101,綜合用電_低壓基本電費(按裝置容量計)_非營業用_夏月,元／每瓩每月,138
19800101,綜合用電_低壓基本電費(按裝置容量計)_非營業用_非夏月,元／每瓩每月,138
19800101,綜合用電_高壓基本電費(按需量契約容量計)_營業用_夏月,元／每瓩每月,201
19800101,綜合用電_高壓基本電費(按需量契約容量計)_營業用_非夏月,元／每瓩每月,201
19800101,綜合用電_高壓基本電費(按需量契約容量計)_非營業用_夏月,元／每瓩每月,177
19800101,綜合用電_高壓基本電費(按需量契約容量計)_非營業用_非夏月,元／每瓩每月,177
19800101,電力用電_低壓供電基本電費(按裝置容量計)_夏月,元／每瓩每月,111
19800101,電力用電_低壓供電基本電費(按裝置容量計)_非夏月,元／每瓩每月,111
19800101,電力用電_高壓供電經常電價基本電費(按需量契約容量計)_夏月,元／每瓩每月,153
19800101,電力用電_高壓供電經常電價基本電費(按需量契約容量計)_非夏月,元／每瓩每月,153
19800101,電力用電_特高壓供電經常電價基本電費(按需量契約容量計)_夏月,元／每瓩每月,147
19800101,電力用電_特高壓供電經常電價基本電費(按需量契約容量計)_非夏月,元／每瓩每月,147
19801001,電燈用電_包燈(100瓦以下),元／每燈每月,75
19801001,電燈用電_表燈_營業用(330度以下)_夏月,元／每度,5.6
19801001,電燈用電_表燈_營業用(330度以下)_非夏月,元／每度,5.6
19801001,電燈用電_表燈_營業用(331~500度)_夏月,元／每度,6.3
19801001,電燈用電_表燈_營業用(331~500度)_非夏月,元／每度,6.3
19801001,電燈用電_表燈_營業用(501~700度)_夏月,元／每度,6.3
19801001,電燈用電_表燈_營業用(501~700度)_非夏月,元／每度,6.3
19801001,電燈用電_表燈_營業用(701度以上)_夏月,元／每度,6.3
19801001,電燈用電_表燈_營業用(701度以上)_非夏月,元／每度,6.3
19801001,電燈用電_表燈_非營業用(110度以下)_夏月,元／每度,2.3
19801001,電燈用電_表燈_非營業用(110度以下)_非夏月,元／每度,2.3
19801001,電燈用電_表燈_非營業用(111~330度)_夏月,元／每度,2.9
19801001,電燈用電_表燈_非營業用(111~330度)_非夏月,元／每度,2.9
19801001,電燈用電_表燈_非營業用(331~500度)_夏月,元／每度,3.8
19801001,電燈用電_表燈_非營業用(331~500度)_非夏月,元／每度,3.8
19801001,電燈用電_表燈_非營業用(501~700度)_夏月,元／每度,3.8
19801001,電燈用電_表燈_非營業用(501~700度)_非夏月,元／每度,3.8
19801001,電燈用電_表燈_非營業用(701度以上)_夏月,元／每度,3.8
19801001,電燈用電_表燈_非營業用(701度以上)_非夏月,元／每度,3.8
19801001,綜合用電_低壓基本電費(按裝置容量計)_營業用_夏月,元／每瓩每月,156
19801001,綜合用電_低壓基本電費(按裝置容量計)_營業用_非夏月,元／每瓩每月,156
19801001,綜合用電_低壓基本電費(按裝置容量計)_非營業用_夏月,元／每瓩每月,138
19801001,綜合用電_低壓基本電費(按裝置容量計)_非營業用_非夏月,元／每瓩每月,138
19801001,綜合用電_高壓基本電費(按需量契約容量計)_營業用_夏月,元／每瓩每月,201
19801001,綜合用電_高壓基本電費(按需量契約容量計)_營業用_非夏月,元／每瓩每月,201
19801001,綜合用電_高壓基本電費(按需量契約容量計)_非營業用_夏月,元／每瓩每月,177
19801001,綜合用電_高壓基本電費(按需量契約容量計)_非營業用_非夏月,元／每瓩每月,177
19801001,電力用電_低壓供電基本電費(按裝置容量計)_夏月,元／每瓩每月,132
19801001,電力用電_低壓供電基本電費(按裝置容量計)_非夏月,元／每瓩每月,132
19801001,電力用電_高壓供電經常電價基本電費(按需量契約容量計)_夏月,元／每瓩每月,180
19801001,電力用電_高壓供電經常電價基本電費(按需量契約容量計)_非夏月,元／每瓩每月,180
19801001,電力用電_特高壓供電經常電價基本電費(按需量契約容量計)_夏月,元／每瓩每月,174
19801001,電力用電_特高壓供電經常電價基本電費(按需量契約容量計)_非夏月,元／每瓩每月,174
19810215,電燈用電_包燈(100瓦以下),元／每燈每月,81
19810215,電燈用電_表燈_營業用(330度以下)_夏月,元／每度,6
19810215,電燈用電_表燈_營業用(330度以下)_非夏月,元／每度,6
19810215,電燈用電_表燈_營業用(331~500度)_夏月,元／每度,6.8
19810215,電燈用電_表燈_營業用(331~500度)_非夏月,元／每度,6.8
19810215,電燈用電_表燈_營業用(501~700度)_夏月,元／每度,6.8
19810215,電燈用電_表燈_營業用(501~700度)_非夏月,元／每度,6.8
19810215,電燈用電_表燈_營業用(701度以上)_夏月,元／每度,6.8
19810215,電燈用電_表燈_營業用(701度以上)_非夏月,元／每度,6.8
19810215,電燈用電_表燈_非營業用(110度以下)_夏月,元／每度,2.5
19810215,電燈用電_表燈_非營業用(110度以下)_非夏月,元／每度,2.5
19810215,電燈用電_表燈_非營業用(111~330度)_夏月,元／每度,3.2
19810215,電燈用電_表燈_非營業用(111~330度)_非夏月,元／每度,3.2
19810215,電燈用電_表燈_非營業用(331~500度)_夏月,元／每度,4.2
19810215,電燈用電_表燈_非營業用(331~500度)_非夏月,元／每度,4.2
19810215,電燈用電_表燈_非營業用(501~700度)_夏月,元／每度,4.2
19810215,電燈用電_表燈_非營業用(501~700度)_非夏月,元／每度,4.2
19810215,電燈用電_表燈_非營業用(701度以上)_夏月,元／每度,4.2
19810215,電燈用電_表燈_非營業用(701度以上)_非夏月,元／每度,4.2
19810215,綜合用電_低壓基本電費(按裝置容量計)_營業用_夏月,元／每瓩每月,165
19810215,綜合用電_低壓基本電費(按裝置容量計)_營業用_非夏月,元／每瓩每月,165
19810215,綜合用電_低壓基本電費(按裝置容量計)_非營業用_夏月,元／每瓩每月,141
19810215,綜合用電_低壓基本電費(按裝置容量計)_非營業用_非夏月,元／每瓩每月,141
19810215,綜合用電_高壓基本電費(按需量契約容量計)_營業用_夏月,元／每瓩每月,210
19810215,綜合用電_高壓基本電費(按需量契約容量計)_營業用_非夏月,元／每瓩每月,210
19810215,綜合用電_高壓基本電費(按需量契約容量計)_非營業用_夏月,元／每瓩每月,180
19810215,綜合用電_高壓基本電費(按需量契約容量計)_非營業用_非夏月,元／每瓩每月,180
19810215,電力用電_低壓供電基本電費(按裝置容量計)_夏月,元／每瓩每月,138
19810215,電力用電_低壓供電基本電費(按裝置容量計)_非夏月,元／每瓩每月,138
19810215,電力用電_高壓供電經常電價基本電費(按需量契約容量計)_夏月,元／每瓩每月,186
19810215,電力用電_高壓供電經常電價基本電費(按需量契約容量計)_非夏月,元／每瓩每月,186
19810215,電力用電_特高壓供電經常電價基本電費(按需量契約容量計)_夏月,元／每瓩每月,180
19810215,電力用電_特高壓供電經常電價基本電費(按需量契約容量計)_非夏月,元／每瓩每月,180
19830317,電燈用電_包燈(100瓦以下),元／每燈每月,78
19830317,電燈用電_表燈_營業用(330度以下)_夏月,元／每度,5.9
19830317,電燈用電_表燈_營業用(330度以下)_非夏月,元／每度,5.9
19830317,電燈用電_表燈_營業用(331~500度)_夏月,元／每度,6.7
19830317,電燈用電_表燈_營業用(331~500度)_非夏月,元／每度,6.7
19830317,電燈用電_表燈_營業用(501~700度)_夏月,元／每度,6.7
19830317,電燈用電_表燈_營業用(501~700度)_非夏月,元／每度,6.7
19830317,電燈用電_表燈_營業用(701度以上)_夏月,元／每度,6.7
19830317,電燈用電_表燈_營業用(701度以上)_非夏月,元／每度,6.7
19830317,電燈用電_表燈_非營業用(110度以下)_夏月,元／每度,2.4
19830317,電燈用電_表燈_非營業用(110度以下)_非夏月,元／每度,2.4
19830317,電燈用電_表燈_非營業用(111~330度)_夏月,元／每度,3.1
19830317,電燈用電_表燈_非營業用(111~330度)_非夏月,元／每度,3.1
19830317,電燈用電_表燈_非營業用(331~500度)_夏月,元／每度,4.1
19830317,電燈用電_表燈_非營業用(331~500度)_非夏月,元／每度,4.1
19830317,電燈用電_表燈_非營業用(501~700度)_夏月,元／每度,4.1
19830317,電燈用電_表燈_非營業用(501~700度)_非夏月,元／每度,4.1
19830317,電燈用電_表燈_非營業用(701度以上)_夏月,元／每度,4.1
19830317,電燈用電_表燈_非營業用(701度以上)_非夏月,元／每度,4.1
19830317,綜合用電_低壓基本電費(按裝置容量計)_營業用_夏月,元／每瓩每月,165
19830317,綜合用電_低壓基本電費(按裝置容量計)_營業用_非夏月,元／每瓩每月,165
19830317,綜合用電_低壓基本電費(按裝置容量計)_非營業用_夏月,元／每瓩每月,141
19830317,綜合用電_低壓基本電費(按裝置容量計)_非營業用_非夏月,元／每瓩每月,141
19830317,綜合用電_高壓基本電費(按需量契約容量計)_營業用_夏月,元／每瓩每月,210
19830317,綜合用電_高壓基本電費(按需量契約容量計)_營業用_非夏月,元／每瓩每月,210
19830317,綜合用電_高壓基本電費(按需量契約容量計)_非營業用_夏月,元／每瓩每月,180
19830317,綜合用電_高壓基本電費(按需量契約容量計)_非營業用_非夏月,元／每瓩每月,180
19830317,電力用電_低壓供電基本電費(按裝置容量計)_夏月,元／每瓩每月,138
19830317,電力用電_低壓供電基本電費(按裝置容量計)_非夏月,元／每瓩每月,138
19830317,電力用電_高壓供電經常電價基本電費(按需量契約容量計)_夏月,元／每瓩每月,186
19830317,電力用電_高壓供電經常電價基本電費(按需量契約容量計)_非夏月,元／每瓩每月,186
19830317,電力用電_特高壓供電經常電價基本電費(按需量契約容量計)_夏月,元／每瓩每月,180
19830317,電力用電_特高壓供電經常電價基本電費(按需量契約容量計)_非夏月,元／每瓩每月,180
19840725,電燈用電_包燈(100瓦以下),元／每燈每月,78
19840725,電燈用電_表燈_營業用(330度以下)_夏月,元／每度,5.9
19840725,電燈用電_表燈_營業用(330度以下)_非夏月,元／每度,5.9
19840725,電燈用電_表燈_營業用(331~500度)_夏月,元／每度,5.9
19840725,電燈用電_表燈_營業用(331~500度)_非夏月,元／每度,5.9
19840725,電燈用電_表燈_營業用(501~700度)_夏月,元／每度,5.9
19840725,電燈用電_表燈_營業用(501~700度)_非夏月,元／每度,5.9
19840725,電燈用電_表燈_營業用(701度以上)_夏月,元／每度,5.9
19840725,電燈用電_表燈_營業用(701度以上)_非夏月,元／每度,5.9
19840725,電燈用電_表燈_非營業用(110度以下)_夏月,元／每度,2.4
19840725,電燈用電_表燈_非營業用(110度以下)_非夏月,元／每度,2.4
19840725,電燈用電_表燈_非營業用(111~330度)_夏月,元／每度,3.1
19840725,電燈用電_表燈_非營業用(111~330度)_非夏月,元／每度,3.1
19840725,電燈用電_表燈_非營業用(331~500度)_夏月,元／每度,4.1
19840725,電燈用電_表燈_非營業用(331~500度)_非夏月,元／每度,4.1
19840725,電燈用電_表燈_非營業用(501~700度)_夏月,元／每度,4.1
19840725,電燈用電_表燈_非營業用(501~700度)_非夏月,元／每度,4.1
19840725,電燈用電_表燈_非營業用(701度以上)_夏月,元／每度,4.1
19840725,電燈用電_表燈_非營業用(701度以上)_非夏月,元／每度,4.1
19840725,綜合用電_低壓基本電費(按裝置容量計)_營業用_夏月,元／每瓩每月,165
19840725,綜合用電_低壓基本電費(按裝置容量計)_營業用_非夏月,元／每瓩每月,165
19840725,綜合用電_低壓基本電費(按裝置容量計)_非營業用_夏月,元／每瓩每月,141
19840725,綜合用電_低壓基本電費(按裝置容量計)_非營業用_非夏月,元／每瓩每月,141
19840725,綜合用電_高壓基本電費(按需量契約容量計)_營業用_夏月,元／每瓩每月,210
19840725,綜合用電_高壓基本電費(按需量契約容量計)_營業用_非夏月,元／每瓩每月,210
19840725,綜合用電_高壓基本電費(按需量契約容量計)_非營業用_夏月,元／每瓩每月,180
19840725,綜合用電_高壓基本電費(按需量契約容量計)_非營業用_非夏月,元／每瓩每月,180
19840725,電力用電_低壓供電基本電費(按裝置容量計)_夏月,元／每瓩每月,138
19840725,電力用電_低壓供電基本電費(按裝置容量計)_非夏月,元／每瓩每月,138
19840725,電力用電_高壓供電經常電價基本電費(按需量契約容量計)_夏月,元／每瓩每月,186
19840725,電力用電_高壓供電經常電價基本電費(按需量契約容量計)_非夏月,元／每瓩每月,186
19840725,電力用電_特高壓供電經常電價基本電費(按需量契約容量計)_夏月,元／每瓩每月,180
19840725,電力用電_特高壓供電經常電價基本電費(按需量契約容量計)_非夏月,元／每瓩每月,180
19860313,電燈用電_包燈(100瓦以下),元／每燈每月,78
19860313,電燈用電_表燈_營業用(330度以下)_夏月,元／每度,5.5
19860313,電燈用電_表燈_營業用(330度以下)_非夏月,元／每度,5.5
19860313,電燈用電_表燈_營業用(331~500度)_夏月,元／每度,5.5
19860313,電燈用電_表燈_營業用(331~500度)_非夏月,元／每度,5.5
19860313,電燈用電_表燈_營業用(501~700度)_夏月,元／每度,5.5
19860313,電燈用電_表燈_營業用(501~700度)_非夏月,元／每度,5.5
19860313,電燈用電_表燈_營業用(701度以上)_夏月,元／每度,5.5
19860313,電燈用電_表燈_營業用(701度以上)_非夏月,元／每度,5.5
19860313,電燈用電_表燈_非營業用(110度以下)_夏月,元／每度,2.4
19860313,電燈用電_表燈_非營業用(110度以下)_非夏月,元／每度,2.4
19860313,電燈用電_表燈_非營業用(111~330度)_夏月,元／每度,3.1
19860313,電燈用電_表燈_非營業用(111~330度)_非夏月,元／每度,3.1
19860313,電燈用電_表燈_非營業用(331~500度)_夏月,元／每度,4.1
19860313,電燈用電_表燈_非營業用(331~500度)_非夏月,元／每度,4.1
19860313,電燈用電_表燈_非營業用(501~700度)_夏月,元／每度,4.1
19860313,電燈用電_表燈_非營業用(501~700度)_非夏月,元／每度,4.1
19860313,電燈用電_表燈_非營業用(701度以上)_夏月,元／每度,4.1
19860313,電燈用電_表燈_非營業用(701度以上)_非夏月,元／每度,4.1
19860313,綜合用電_低壓基本電費(按裝置容量計)_營業用_夏月,元／每瓩每月,165
19860313,綜合用電_低壓基本電費(按裝置容量計)_營業用_非夏月,元／每瓩每月,165
19860313,綜合用電_低壓基本電費(按裝置容量計)_非營業用_夏月,元／每瓩每月,141
19860313,綜合用電_低壓基本電費(按裝置容量計)_非營業用_非夏月,元／每瓩每月,141
19860313,綜合用電_高壓基本電費(按需量契約容量計)_營業用_夏月,元／每瓩每月,210
19860313,綜合用電_高壓基本電費(按需量契約容量計)_營業用_非夏月,元／每瓩每月,210
19860313,綜合用電_高壓基本電費(按需量契約容量計)_非營業用_夏月,元／每瓩每月,180
19860313,綜合用電_高壓基本電費(按需量契約容量計)_非營業用_非夏月,元／每瓩每月,180
19860313,電力用電_低壓供電基本電費(按裝置容量計)_夏月,元／每瓩每月,138
19860313,電力用電_低壓供電基本電費(按裝置容量計)_非夏月,元／每瓩每月,138
19860313,電力用電_高壓供電經常電價基本電費(按需量契約容量計)_夏月,元／每瓩每月,186
19860313,電力用電_高壓供電經常電價基本電費(按需量契約容量計)_非夏月,元／每瓩每月,186
19860313,電力用電_特高壓供電經常電價基本電費(按需量契約容量計)_夏月,元／每瓩每月,180
19860313,電力用電_特高壓供電經常電價基本電費(按需量契約容量計)_非夏月,元／每瓩每月,180
19860426,電燈用電_包燈(100瓦以下),元／每燈每月,74
19860426,電燈用電_表燈_營業用(330度以下)_夏月,元／每度,5.23
19860426,電燈用電_表燈_營業用(330度以下)_非夏月,元／每度,5.23
19860426,電燈用電_表燈_營業用(331~500度)_夏月,元／每度,5.23
19860426,電燈用電_表燈_營業用(331~500度)_非夏月,元／每度,5.23
19860426,電燈用電_表燈_營業用(501~700度)_夏月,元／每度,5.23
19860426,電燈用電_表燈_營業用(501~700度)_非夏月,元／每度,5.23
19860426,電燈用電_表燈_營業用(701度以上)_夏月,元／每度,5.23
19860426,電燈用電_表燈_營業用(701度以上)_非夏月,元／每度,5.23
19860426,電燈用電_表燈_非營業用(110度以下)_夏月,元／每度,2.2
19860426,電燈用電_表燈_非營業用(110度以下)_非夏月,元／每度,2.2
19860426,電燈用電_表燈_非營業用(111~330度)_夏月,元／每度,2.85
19860426,電燈用電_表燈_非營業用(111~330度)_非夏月,元／每度,2.85
19860426,電燈用電_表燈_非營業用(331~500度)_夏月,元／每度,3.78
19860426,電燈用電_表燈_非營業用(331~500度)_非夏月,元／每度,3.78
19860426,電燈用電_表燈_非營業用(501~700度)_夏月,元／每度,3.78
19860426,電燈用電_表燈_非營業用(501~700度)_非夏月,元／每度,3.78
19860426,電燈用電_表燈_非營業用(701度以上)_夏月,元／每度,3.78
19860426,電燈用電_表燈_非營業用(701度以上)_非夏月,元／每度,3.78
19860426,綜合用電_低壓基本電費(按裝置容量計)_營業用_夏月,元／每瓩每月,157
19860426,綜合用電_低壓基本電費(按裝置容量計)_營業用_非夏月,元／每瓩每月,157
19860426,綜合用電_低壓基本電費(按裝置容量計)_非營業用_夏月,元／每瓩每月,134
19860426,綜合用電_低壓基本電費(按裝置容量計)_非營業用_非夏月,元／每瓩每月,134
19860426,綜合用電_高壓基本電費(按需量契約容量計)_營業用_夏月,元／每瓩每月,200
19860426,綜合用電_高壓基本電費(按需量契約容量計)_營業用_非夏月,元／每瓩每月,200
19860426,綜合用電_高壓基本電費(按需量契約容量計)_非營業用_夏月,元／每瓩每月,171
19860426,綜合用電_高壓基本電費(按需量契約容量計)_非營業用_非夏月,元／每瓩每月,171
19860426,電力用電_低壓供電基本電費(按裝置容量計)_夏月,元／每瓩每月,131
19860426,電力用電_低壓供電基本電費(按裝置容量計)_非夏月,元／每瓩每月,131
19860426,電力用電_高壓供電經常電價基本電費(按需量契約容量計)_夏月,元／每瓩每月,177
19860426,電力用電_高壓供電經常電價基本電費(按需量契約容量計)_非夏月,元／每瓩每月,177
19860426,電力用電_特高壓供電經常電價基本電費(按需量契約容量計)_夏月,元／每瓩每月,171
19860426,電力用電_特高壓供電經常電價基本電費(按需量契約容量計)_非夏月,元／每瓩每月,171
19861201,電燈用電_包燈(100瓦以下),元／每燈每月,74
19861201,電燈用電_表燈_營業用(330度以下)_夏月,元／每度,5.23
19861201,電燈用電_表燈_營業用(330度以下)_非夏月,元／每度,5.23
19861201,電燈用電_表燈_營業用(331~500度)_夏月,元／每度,5.23
19861201,電燈用電_表燈_營業用(331~500度)_非夏月,元／每度,5.23
19861201,電燈用電_表燈_營業用(501~700度)_夏月,元／每度,5.23
19861201,電燈用電_表燈_營業用(501~700度)_非夏月,元／每度,5.23
19861201,電燈用電_表燈_營業用(701度以上)_夏月,元／每度,5.23
19861201,電燈用電_表燈_營業用(701度以上)_非夏月,元／每度,5.23
19861201,電燈用電_表燈_非營業用(110度以下)_夏月,元／每度,2.2
19861201,電燈用電_表燈_非營業用(110度以下)_非夏月,元／每度,2.2
19861201,電燈用電_表燈_非營業用(111~330度)_夏月,元／每度,2.85
19861201,電燈用電_表燈_非營業用(111~330度)_非夏月,元／每度,2.85
19861201,電燈用電_表燈_非營業用(331~500度)_夏月,元／每度,3.78
19861201,電燈用電_表燈_非營業用(331~500度)_非夏月,元／每度,3.78
19861201,電燈用電_表燈_非營業用(501~700度)_夏月,元／每度,3.78
19861201,電燈用電_表燈_非營業用(501~700度)_非夏月,元／每度,3.78
19861201,電燈用電_表燈_非營業用(701度以上)_夏月,元／每度,3.78
19861201,電燈用電_表燈_非營業用(701度以上)_非夏月,元／每度,3.78
19861201,綜合用電_低壓基本電費(按裝置容量計)_營業用_夏月,元／每瓩每月,157
19861201,綜合用電_低壓基本電費(按裝置容量計)_營業用_非夏月,元／每瓩每月,157
19861201,綜合用電_低壓基本電費(按裝置容量計)_非營業用_夏月,元／每瓩每月,134
19861201,綜合用電_低壓基本電費(按裝置容量計)_非營業用_非夏月,元／每瓩每月,134
19861201,綜合用電_高壓基本電費(按需量契約容量計)_營業用_夏月,元／每瓩每月,200
19861201,綜合用電_高壓基本電費(按需量契約容量計)_營業用_非夏月,元／每瓩每月,200
19861201,綜合用電_高壓基本電費(按需量契約容量計)_非營業用_夏月,元／每瓩每月,171
19861201,綜合用電_高壓基本電費(按需量契約容量計)_非營業用_非夏月,元／每瓩每月,171
19861201,電力用電_低壓供電基本電費(按裝置容量計)_夏月,元／每瓩每月,131
19861201,電力用電_低壓供電基本電費(按裝置容量計)_非夏月,元／每瓩每月,131
19861201,電力用電_高壓供電經常電價基本電費(按需量契約容量計)_夏月,元／每瓩每月,177
19861201,電力用電_高壓供電經常電價基本電費(按需量契約容量計)_非夏月,元／每瓩每月,177
19861201,電力用電_特高壓供電經常電價基本電費(按需量契約容量計)_夏月,元／每瓩每月,171
19861201,電力用電_特高壓供電經常電價基本電費(按需量契約容量計)_非夏月,元／每瓩每月,171
19870321,電燈用電_包燈(100瓦以下),元／每燈每月,74
19870321,電燈用電_表燈_營業用(330度以下)_夏月,元／每度,4.68
19870321,電燈用電_表燈_營業用(330度以下)_非夏月,元／每度,4.68
19870321,電燈用電_表燈_營業用(331~500度)_夏月,元／每度,4.68
19870321,電燈用電_表燈_營業用(331~500度)_非夏月,元／每度,4.68
19870321,電燈用電_表燈_營業用(501~700度)_夏月,元／每度,4.68
19870321,電燈用電_表燈_營業用(501~700度)_非夏月,元／每度,4.68
19870321,電燈用電_表燈_營業用(701度以上)_夏月,元／每度,4.68
19870321,電燈用電_表燈_營業用(701度以上)_非夏月,元／每度,4.68
19870321,電燈用電_表燈_非營業用(110度以下)_夏月,元／每度,2.15
19870321,電燈用電_表燈_非營業用(110度以下)_非夏月,元／每度,2.15
19870321,電燈用電_表燈_非營業用(111~330度)_夏月,元／每度,2.8
19870321,電燈用電_表燈_非營業用(111~330度)_非夏月,元／每度,2.8
19870321,電燈用電_表燈_非營業用(331~500度)_夏月,元／每度,3.68
19870321,電燈用電_表燈_非營業用(331~500度)_非夏月,元／每度,3.68
19870321,電燈用電_表燈_非營業用(501~700度)_夏月,元／每度,3.68
19870321,電燈用電_表燈_非營業用(501~700度)_非夏月,元／每度,3.68
19870321,電燈用電_表燈_非營業用(701度以上)_夏月,元／每度,3.68
19870321,電燈用電_表燈_非營業用(701度以上)_非夏月,元／每度,3.68
19870321,綜合用電_低壓基本電費(按裝置容量計)_營業用_夏月,元／每瓩每月,134
19870321,綜合用電_低壓基本電費(按裝置容量計)_營業用_非夏月,元／每瓩每月,134
19870321,綜合用電_低壓基本電費(按裝置容量計)_非營業用_夏月,元／每瓩每月,134
19870321,綜合用電_低壓基本電費(按裝置容量計)_非營業用_非夏月,元／每瓩每月,134
19870321,綜合用電_高壓基本電費(按需量契約容量計)_營業用_夏月,元／每瓩每月,171
19870321,綜合用電_高壓基本電費(按需量契約容量計)_營業用_非夏月,元／每瓩每月,171
19870321,綜合用電_高壓基本電費(按需量契約容量計)_非營業用_夏月,元／每瓩每月,171
19870321,綜合用電_高壓基本電費(按需量契約容量計)_非營業用_非夏月,元／每瓩每月,171
19870321,電力用電_低壓供電基本電費(按裝置容量計)_夏月,元／每瓩每月,131.00*
19870321,電力用電_低壓供電基本電費(按裝置容量計)_非夏月,元／每瓩每月,131.00*
19870321,電力用電_高壓供電經常電價基本電費(按需量契約容量計)_夏月,元／每瓩每月,177.00*
19870321,電力用電_高壓供電經常電價基本電費(按需量契約容量計)_非夏月,元／每瓩每月,177.00*
19870321,電力用電_特高壓供電經常電價基本電費(按需量契約容量計)_夏月,元／每瓩每月,171.00*
19870321,電力用電_特高壓供電經常電價基本電費(按需量契約容量計)_非夏月,元／每瓩每月,171.00*
19870917,電燈用電_包燈(100瓦以下),元／每燈每月,74
19870917,電燈用電_表燈_營業用(330度以下)_夏月,元／每度,4.12
19870917,電燈用電_表燈_營業用(330度以下)_非夏月,元／每度,4.12
19870917,電燈用電_表燈_營業用(331~500度)_夏月,元／每度,4.12
19870917,電燈用電_表燈_營業用(331~500度)_非夏月,元／每度,4.12
19870917,電燈用電_表燈_營業用(501~700度)_夏月,元／每度,4.12
19870917,電燈用電_表燈_營業用(501~700度)_非夏月,元／每度,4.12
19870917,電燈用電_表燈_營業用(701度以上)_夏月,元／每度,4.12
19870917,電燈用電_表燈_營業用(701度以上)_非夏月,元／每度,4.12
19870917,電燈用電_表燈_非營業用(110度以下)_夏月,元／每度,2.15
19870917,電燈用電_表燈_非營業用(110度以下)_非夏月,元／每度,2.15
19870917,電燈用電_表燈_非營業用(111~330度)_夏月,元／每度,2.8
19870917,電燈用電_表燈_非營業用(111~330度)_非夏月,元／每度,2.8
19870917,電燈用電_表燈_非營業用(331~500度)_夏月,元／每度,3.68
19870917,電燈用電_表燈_非營業用(331~500度)_非夏月,元／每度,3.68
19870917,電燈用電_表燈_非營業用(501~700度)_夏月,元／每度,3.68
19870917,電燈用電_表燈_非營業用(501~700度)_非夏月,元／每度,3.68
19870917,電燈用電_表燈_非營業用(701度以上)_夏月,元／每度,3.68
19870917,電燈用電_表燈_非營業用(701度以上)_非夏月,元／每度,3.68
19870917,綜合用電_低壓基本電費(按裝置容量計)_營業用_夏月,元／每瓩每月,134
19870917,綜合用電_低壓基本電費(按裝置容量計)_營業用_非夏月,元／每瓩每月,134
19870917,綜合用電_低壓基本電費(按裝置容量計)_非營業用_夏月,元／每瓩每月,134
19870917,綜合用電_低壓基本電費(按裝置容量計)_非營業用_非夏月,元／每瓩每月,134
19870917,綜合用電_高壓基本電費(按需量契約容量計)_營業用_夏月,元／每瓩每月,171
19870917,綜合用電_高壓基本電費(按需量契約容量計)_營業用_非夏月,元／每瓩每月,171
19870917,綜合用電_高壓基本電費(按需量契約容量計)_非營業用_夏月,元／每瓩每月,171
19870917,綜合用電_高壓基本電費(按需量契約容量計)_非營業用_非夏月,元／每瓩每月,171
19870917,電力用電_低壓供電基本電費(按裝置容量計)_夏月,元／每瓩每月,131.00*
19870917,電力用電_低壓供電基本電費(按裝置容量計)_非夏月,元／每瓩每月,131.00*
19870917,電力用電_高壓供電經常電價基本電費(按需量契約容量計)_夏月,元／每瓩每月,177.00*
19870917,電力用電_高壓供電經常電價基本電費(按需量契約容量計)_非夏月,元／每瓩每月,177.00*
19870917,電力用電_特高壓供電經常電價基本電費(按需量契約容量計)_夏月,元／每瓩每月,171.00*
19870917,電力用電_特高壓供電經常電價基本電費(按需量契約容量計)_非夏月,元／每瓩每月,171.00*
19880101,電燈用電_包燈(100瓦以下),元／每燈每月,74
19880101,電燈用電_表燈_營業用(330度以下)_夏月,元／每度,2.9
19880101,電燈用電_表燈_營業用(330度以下)_非夏月,元／每度,2.9
19880101,電燈用電_表燈_營業用(331~500度)_夏月,元／每度,2.9
19880101,電燈用電_表燈_營業用(331~500度)_非夏月,元／每度,2.9
19880101,電燈用電_表燈_營業用(501~700度)_夏月,元／每度,2.9
19880101,電燈用電_表燈_營業用(501~700度)_非夏月,元／每度,2.9
19880101,電燈用電_表燈_營業用(701度以上)_夏月,元／每度,2.9
19880101,電燈用電_表燈_營業用(701度以上)_非夏月,元／每度,2.9
19880101,電燈用電_表燈_非營業用(110度以下)_夏月,元／每度,2.1
19880101,電燈用電_表燈_非營業用(110度以下)_非夏月,元／每度,2.1
19880101,電燈用電_表燈_非營業用(111~330度)_夏月,元／每度,2.5
19880101,電燈用電_表燈_非營業用(111~330度)_非夏月,元／每度,2.5
19880101,電燈用電_表燈_非營業用(331~500度)_夏月,元／每度,2.9
19880101,電燈用電_表燈_非營業用(331~500度)_非夏月,元／每度,2.9
19880101,電燈用電_表燈_非營業用(501~700度)_夏月,元／每度,2.9
19880101,電燈用電_表燈_非營業用(501~700度)_非夏月,元／每度,2.9
19880101,電燈用電_表燈_非營業用(701度以上)_夏月,元／每度,2.9
19880101,電燈用電_表燈_非營業用(701度以上)_非夏月,元／每度,2.9
19880101,綜合用電_低壓基本電費(按裝置容量計)_營業用_夏月,元／每瓩每月,134
19880101,綜合用電_低壓基本電費(按裝置容量計)_營業用_非夏月,元／每瓩每月,134
19880101,綜合用電_低壓基本電費(按裝置容量計)_非營業用_夏月,元／每瓩每月,134
19880101,綜合用電_低壓基本電費(按裝置容量計)_非營業用_非夏月,元／每瓩每月,134
19880101,綜合用電_高壓基本電費(按需量契約容量計)_營業用_夏月,元／每瓩每月,171
19880101,綜合用電_高壓基本電費(按需量契約容量計)_營業用_非夏月,元／每瓩每月,171
19880101,綜合用電_高壓基本電費(按需量契約容量計)_非營業用_夏月,元／每瓩每月,171
19880101,綜合用電_高壓基本電費(按需量契約容量計)_非營業用_非夏月,元／每瓩每月,171
19880101,電力用電_低壓供電基本電費(按裝置容量計)_夏月,元／每瓩每月,131.00*
19880101,電力用電_低壓供電基本電費(按裝置容量計)_非夏月,元／每瓩每月,131.00*
19880101,電力用電_高壓供電經常電價基本電費(按需量契約容量計)_夏月,元／每瓩每月,177.00*
19880101,電力用電_高壓供電經常電價基本電費(按需量契約容量計)_非夏月,元／每瓩每月,177.00*
19880101,電力用電_特高壓供電經常電價基本電費(按需量契約容量計)_夏月,元／每瓩每月,171.00*
19880101,電力用電_特高壓供電經常電價基本電費(按需量契約容量計)_非夏月,元／每瓩每月,171.00*
19890201,電燈用電_包燈(100瓦以下),元／每燈每月,74
19890201,電燈用電_表燈_營業用(330度以下)_夏月,元／每度,3.3
19890201,電燈用電_表燈_營業用(330度以下)_非夏月,元／每度,2.6
19890201,電燈用電_表燈_營業用(331~500度)_夏月,元／每度,3.3
19890201,電燈用電_表燈_營業用(331~500度)_非夏月,元／每度,2.6
19890201,電燈用電_表燈_營業用(501~700度)_夏月,元／每度,3.3
19890201,電燈用電_表燈_營業用(501~700度)_非夏月,元／每度,2.6
19890201,電燈用電_表燈_營業用(701度以上)_夏月,元／每度,3.3
19890201,電燈用電_表燈_營業用(701度以上)_非夏月,元／每度,2.6
19890201,電燈用電_表燈_非營業用(110度以下)_夏月,元／每度,2.2
19890201,電燈用電_表燈_非營業用(110度以下)_非夏月,元／每度,2
19890201,電燈用電_表燈_非營業用(111~330度)_夏月,元／每度,2.7
19890201,電燈用電_表燈_非營業用(111~330度)_非夏月,元／每度,2.3
19890201,電燈用電_表燈_非營業用(331~500度)_夏月,元／每度,3.3
19890201,電燈用電_表燈_非營業用(331~500度)_非夏月,元／每度,2.6
19890201,電燈用電_表燈_非營業用(501~700度)_夏月,元／每度,3.3
19890201,電燈用電_表燈_非營業用(501~700度)_非夏月,元／每度,2.6
19890201,電燈用電_表燈_非營業用(701度以上)_夏月,元／每度,3.3
19890201,電燈用電_表燈_非營業用(701度以上)_非夏月,元／每度,2.6
19890201,綜合用電_低壓基本電費(按裝置容量計)_營業用_夏月,元／每瓩每月,134
19890201,綜合用電_低壓基本電費(按裝置容量計)_營業用_非夏月,元／每瓩每月,134
19890201,綜合用電_低壓基本電費(按裝置容量計)_非營業用_夏月,元／每瓩每月,171
19890201,綜合用電_低壓基本電費(按裝置容量計)_非營業用_非夏月,元／每瓩每月,171
19890201,綜合用電_高壓基本電費(按需量契約容量計)_營業用_夏月,元／每瓩每月,171
19890201,綜合用電_高壓基本電費(按需量契約容量計)_營業用_非夏月,元／每瓩每月,171
19890201,綜合用電_高壓基本電費(按需量契約容量計)_非營業用_夏月,元／每瓩每月,171
19890201,綜合用電_高壓基本電費(按需量契約容量計)_非營業用_非夏月,元／每瓩每月,171
19890201,電力用電_低壓供電基本電費(按裝置容量計)_夏月,元／每瓩每月,131
19890201,電力用電_低壓供電基本電費(按裝置容量計)_非夏月,元／每瓩每月,131
19890201,電力用電_高壓供電經常電價基本電費(按需量契約容量計)_夏月,元／每瓩每月,177
19890201,電力用電_高壓供電經常電價基本電費(按需量契約容量計)_非夏月,元／每瓩每月,177
19890201,電力用電_特高壓供電經常電價基本電費(按需量契約容量計)_夏月,元／每瓩每月,171
19890201,電力用電_特高壓供電經常電價基本電費(按需量契約容量計)_非夏月,元／每瓩每月,171
19910601,電燈用電_包燈(100瓦以下),元／每燈每月,74
19910601,電燈用電_表燈_營業用(330度以下)_夏月,元／每度,3.3
19910601,電燈用電_表燈_營業用(330度以下)_非夏月,元／每度,2.6
19910601,電燈用電_表燈_營業用(331~500度)_夏月,元／每度,3.3
19910601,電燈用電_表燈_營業用(331~500度)_非夏月,元／每度,2.6
19910601,電燈用電_表燈_營業用(501~700度)_夏月,元／每度,3.3
19910601,電燈用電_表燈_營業用(501~700度)_非夏月,元／每度,2.6
19910601,電燈用電_表燈_營業用(701度以上)_夏月,元／每度,3.3
19910601,電燈用電_表燈_營業用(701度以上)_非夏月,元／每度,2.6
19910601,電燈用電_表燈_非營業用(110度以下)_夏月,元／每度,2.2
19910601,電燈用電_表燈_非營業用(110度以下)_非夏月,元／每度,2
19910601,電燈用電_表燈_非營業用(111~330度)_夏月,元／每度,2.7
19910601,電燈用電_表燈_非營業用(111~330度)_非夏月,元／每度,2.3
19910601,電燈用電_表燈_非營業用(331~500度)_夏月,元／每度,3.3
19910601,電燈用電_表燈_非營業用(331~500度)_非夏月,元／每度,2.6
19910601,電燈用電_表燈_非營業用(501~700度)_夏月,元／每度,3.3
19910601,電燈用電_表燈_非營業用(501~700度)_非夏月,元／每度,2.6
19910601,電燈用電_表燈_非營業用(701度以上)_夏月,元／每度,3.3
19910601,電燈用電_表燈_非營業用(701度以上)_非夏月,元／每度,2.6
19910601,綜合用電_低壓基本電費(按裝置容量計)_營業用_夏月,元／每瓩每月,134
19910601,綜合用電_低壓基本電費(按裝置容量計)_營業用_非夏月,元／每瓩每月,134
19910601,綜合用電_低壓基本電費(按裝置容量計)_非營業用_夏月,元／每瓩每月,134
19910601,綜合用電_低壓基本電費(按裝置容量計)_非營業用_非夏月,元／每瓩每月,134
19910601,綜合用電_高壓基本電費(按需量契約容量計)_營業用_夏月,元／每瓩每月,171
19910601,綜合用電_高壓基本電費(按需量契約容量計)_營業用_非夏月,元／每瓩每月,171
19910601,綜合用電_高壓基本電費(按需量契約容量計)_非營業用_夏月,元／每瓩每月,171
19910601,綜合用電_高壓基本電費(按需量契約容量計)_非營業用_非夏月,元／每瓩每月,171
19910601,電力用電_低壓供電基本電費(按裝置容量計)_夏月,元／每瓩每月,131
19910601,電力用電_低壓供電基本電費(按裝置容量計)_非夏月,元／每瓩每月,131
19910601,電力用電_高壓供電經常電價基本電費(按需量契約容量計)_夏月,元／每瓩每月,177
19910601,電力用電_高壓供電經常電價基本電費(按需量契約容量計)_非夏月,元／每瓩每月,177
19910601,電力用電_特高壓供電經常電價基本電費(按需量契約容量計)_夏月,元／每瓩每月,171
19910601,電力用電_特高壓供電經常電價基本電費(按需量契約容量計)_非夏月,元／每瓩每月,171
19930601,電燈用電_包燈(100瓦以下),元／每燈每月,74
19930601,電燈用電_表燈_營業用(330度以下)_夏月,元／每度,3.3
19930601,電燈用電_表燈_營業用(330度以下)_非夏月,元／每度,2.6
19930601,電燈用電_表燈_營業用(331~500度)_夏月,元／每度,3.3
19930601,電燈用電_表燈_營業用(331~500度)_非夏月,元／每度,2.6
19930601,電燈用電_表燈_營業用(501~700度)_夏月,元／每度,3.3
19930601,電燈用電_表燈_營業用(501~700度)_非夏月,元／每度,2.6
19930601,電燈用電_表燈_營業用(701度以上)_夏月,元／每度,3.3
19930601,電燈用電_表燈_營業用(701度以上)_非夏月,元／每度,2.6
19930601,電燈用電_表燈_非營業用(110度以下)_夏月,元／每度,2.2
19930601,電燈用電_表燈_非營業用(110度以下)_非夏月,元／每度,2
19930601,電燈用電_表燈_非營業用(111~330度)_夏月,元／每度,2.7
19930601,電燈用電_表燈_非營業用(111~330度)_非夏月,元／每度,2.3
19930601,電燈用電_表燈_非營業用(331~500度)_夏月,元／每度,3.3
19930601,電燈用電_表燈_非營業用(331~500度)_非夏月,元／每度,2.6
19930601,電燈用電_表燈_非營業用(501~700度)_夏月,元／每度,3.3
19930601,電燈用電_表燈_非營業用(501~700度)_非夏月,元／每度,2.6
19930601,電燈用電_表燈_非營業用(701度以上)_夏月,元／每度,3.3
19930601,電燈用電_表燈_非營業用(701度以上)_非夏月,元／每度,2.6
19930601,綜合用電_低壓基本電費(按裝置容量計)_營業用_夏月,元／每瓩每月,134
19930601,綜合用電_低壓基本電費(按裝置容量計)_營業用_非夏月,元／每瓩每月,134
19930601,綜合用電_低壓基本電費(按裝置容量計)_非營業用_夏月,元／每瓩每月,134
19930601,綜合用電_低壓基本電費(按裝置容量計)_非營業用_非夏月,元／每瓩每月,134
19930601,綜合用電_高壓基本電費(按需量契約容量計)_營業用_夏月,元／每瓩每月,213
19930601,綜合用電_高壓基本電費(按需量契約容量計)_營業用_非夏月,元／每瓩每月,159
19930601,綜合用電_高壓基本電費(按需量契約容量計)_非營業用_夏月,元／每瓩每月,213
19930601,綜合用電_高壓基本電費(按需量契約容量計)_非營業用_非夏月,元／每瓩每月,159
19930601,電力用電_低壓供電基本電費(按裝置容量計)_夏月,元／每瓩每月,131
19930601,電力用電_低壓供電基本電費(按裝置容量計)_非夏月,元／每瓩每月,131
19930601,電力用電_高壓供電經常電價基本電費(按需量契約容量計)_夏月,元／每瓩每月,213
19930601,電力用電_高壓供電經常電價基本電費(按需量契約容量計)_非夏月,元／每瓩每月,159
19930601,電力用電_特高壓供電經常電價基本電費(按需量契約容量計)_夏月,元／每瓩每月,207
19930601,電力用電_特高壓供電經常電價基本電費(按需量契約容量計)_非夏月,元／每瓩每月,153
19970422,電燈用電_包燈(100瓦以下),元／每燈每月,74
19970422,電燈用電_表燈_營業用(330度以下)_夏月,元／每度,3.3
19970422,電燈用電_表燈_營業用(330度以下)_非夏月,元／每度,2.6
19970422,電燈用電_表燈_營業用(331~500度)_夏月,元／每度,3.3
19970422,電燈用電_表燈_營業用(331~500度)_非夏月,元／每度,2.6
19970422,電燈用電_表燈_營業用(501~700度)_夏月,元／每度,3.3
19970422,電燈用電_表燈_營業用(501~700度)_非夏月,元／每度,2.6
19970422,電燈用電_表燈_營業用(701度以上)_夏月,元／每度,3.3
19970422,電燈用電_表燈_營業用(701度以上)_非夏月,元／每度,2.6
19970422,電燈用電_表燈_非營業用(110度以下)_夏月,元／每度,2.2
19970422,電燈用電_表燈_非營業用(110度以下)_非夏月,元／每度,2
19970422,電燈用電_表燈_非營業用(111~330度)_夏月,元／每度,2.7
19970422,電燈用電_表燈_非營業用(111~330度)_非夏月,元／每度,2.3
19970422,電燈用電_表燈_非營業用(331~500度)_夏月,元／每度,3.3
19970422,電燈用電_表燈_非營業用(331~500度)_非夏月,元／每度,2.6
19970422,電燈用電_表燈_非營業用(501~700度)_夏月,元／每度,3.3
19970422,電燈用電_表燈_非營業用(501~700度)_非夏月,元／每度,2.6
19970422,電燈用電_表燈_非營業用(701度以上)_夏月,元／每度,3.3
19970422,電燈用電_表燈_非營業用(701度以上)_非夏月,元／每度,2.6
19970422,綜合用電_低壓基本電費(按裝置容量計)_營業用_夏月,元／每瓩每月,134
19970422,綜合用電_低壓基本電費(按裝置容量計)_營業用_非夏月,元／每瓩每月,134
19970422,綜合用電_低壓基本電費(按裝置容量計)_非營業用_夏月,元／每瓩每月,134
19970422,綜合用電_低壓基本電費(按裝置容量計)_非營業用_非夏月,元／每瓩每月,134
19970422,綜合用電_高壓基本電費(按需量契約容量計)_營業用_夏月,元／每瓩每月,213
19970422,綜合用電_高壓基本電費(按需量契約容量計)_營業用_非夏月,元／每瓩每月,159
19970422,綜合用電_高壓基本電費(按需量契約容量計)_非營業用_夏月,元／每瓩每月,213
19970422,綜合用電_高壓基本電費(按需量契約容量計)_非營業用_非夏月,元／每瓩每月,159
19970422,電力用電_低壓供電基本電費(按裝置容量計)_夏月,元／每瓩每月,131
19970422,電力用電_低壓供電基本電費(按裝置容量計)_非夏月,元／每瓩每月,131
19970422,電力用電_高壓供電經常電價基本電費(按需量契約容量計)_夏月,元／每瓩每月,213
19970422,電力用電_高壓供電經常電價基本電費(按需量契約容量計)_非夏月,元／每瓩每月,159
19970422,電力用電_特高壓供電經常電價基本電費(按需量契約容量計)_夏月,元／每瓩每月,207
19970422,電力用電_特高壓供電經常電價基本電費(按需量契約容量計)_非夏月,元／每瓩每月,153
20021031,電燈用電_包燈(100瓦以下),元／每燈每月,74
20021031,電燈用電_表燈_營業用(330度以下)_夏月,元／每度,3.3
20021031,電燈用電_表燈_營業用(330度以下)_非夏月,元／每度,2.6
20021031,電燈用電_表燈_營業用(331~500度)_夏月,元／每度,3.3
20021031,電燈用電_表燈_營業用(331~500度)_非夏月,元／每度,2.6
20021031,電燈用電_表燈_營業用(501~700度)_夏月,元／每度,3.3
20021031,電燈用電_表燈_營業用(501~700度)_非夏月,元／每度,2.6
20021031,電燈用電_表燈_營業用(701度以上)_夏月,元／每度,3.3
20021031,電燈用電_表燈_營業用(701度以上)_非夏月,元／每度,2.6
20021031,電燈用電_表燈_非營業用(110度以下)_夏月,元／每度,2.2
20021031,電燈用電_表燈_非營業用(110度以下)_非夏月,元／每度,2
20021031,電燈用電_表燈_非營業用(111~330度)_夏月,元／每度,2.7
20021031,電燈用電_表燈_非營業用(111~330度)_非夏月,元／每度,2.3
20021031,電燈用電_表燈_非營業用(331~500度)_夏月,元／每度,3.3
20021031,電燈用電_表燈_非營業用(331~500度)_非夏月,元／每度,2.6
20021031,電燈用電_表燈_非營業用(501~700度)_夏月,元／每度,3.3
20021031,電燈用電_表燈_非營業用(501~700度)_非夏月,元／每度,2.6
20021031,電燈用電_表燈_非營業用(701度以上)_夏月,元／每度,3.3
20021031,電燈用電_表燈_非營業用(701度以上)_非夏月,元／每度,2.6
20021031,綜合用電_低壓基本電費(按裝置容量計)_營業用_夏月,元／每瓩每月,134
20021031,綜合用電_低壓基本電費(按裝置容量計)_營業用_非夏月,元／每瓩每月,134
20021031,綜合用電_低壓基本電費(按裝置容量計)_非營業用_夏月,元／每瓩每月,134
20021031,綜合用電_低壓基本電費(按裝置容量計)_非營業用_非夏月,元／每瓩每月,134
20021031,綜合用電_高壓基本電費(按需量契約容量計)_營業用_夏月,元／每瓩每月,213
20021031,綜合用電_高壓基本電費(按需量契約容量計)_營業用_非夏月,元／每瓩每月,159
20021031,綜合用電_高壓基本電費(按需量契約容量計)_非營業用_夏月,元／每瓩每月,213
20021031,綜合用電_高壓基本電費(按需量契約容量計)_非營業用_非夏月,元／每瓩每月,159
20021031,電力用電_低壓供電基本電費(按裝置容量計)_夏月,元／每瓩每月,131
20021031,電力用電_低壓供電基本電費(按裝置容量計)_非夏月,元／每瓩每月,131
20021031,電力用電_高壓供電經常電價基本電費(按需量契約容量計)_夏月,元／每瓩每月,213
20021031,電力用電_高壓供電經常電價基本電費(按需量契約容量計)_非夏月,元／每瓩每月,159
20021031,電力用電_特高壓供電經常電價基本電費(按需量契約容量計)_夏月,元／每瓩每月,207
20021031,電力用電_特高壓供電經常電價基本電費(按需量契約容量計)_非夏月,元／每瓩每月,153
20030822,電燈用電_包燈(100瓦以下),元／每燈每月,74
20030822,電燈用電_表燈_營業用(330度以下)_夏月,元／每度,3.3
20030822,電燈用電_表燈_營業用(330度以下)_非夏月,元／每度,2.6
20030822,電燈用電_表燈_營業用(331~500度)_夏月,元／每度,3.3
20030822,電燈用電_表燈_營業用(331~500度)_非夏月,元／每度,2.6
20030822,電燈用電_表燈_營業用(501~700度)_夏月,元／每度,3.3
20030822,電燈用電_表燈_營業用(501~700度)_非夏月,元／每度,2.6
20030822,電燈用電_表燈_營業用(701度以上)_夏月,元／每度,3.3
20030822,電燈用電_表燈_營業用(701度以上)_非夏月,元／每度,2.6
20030822,電燈用電_表燈_非營業用(110度以下)_夏月,元／每度,2
20030822,電燈用電_表燈_非營業用(110度以下)_非夏月,元／每度,2
20030822,電燈用電_表燈_非營業用(111~330度)_夏月,元／每度,2.6
20030822,電燈用電_表燈_非營業用(111~330度)_非夏月,元／每度,2.3
20030822,電燈用電_表燈_非營業用(331~500度)_夏月,元／每度,3.2
20030822,電燈用電_表燈_非營業用(331~500度)_非夏月,元／每度,2.6
20030822,電燈用電_表燈_非營業用(501~700度)_夏月,元／每度,3.3
20030822,電燈用電_表燈_非營業用(501~700度)_非夏月,元／每度,2.6
20030822,電燈用電_表燈_非營業用(701度以上)_夏月,元／每度,3.3
20030822,電燈用電_表燈_非營業用(701度以上)_非夏月,元／每度,2.6
20030822,綜合用電_低壓基本電費(按裝置容量計)_營業用_夏月,元／每瓩每月,134
20030822,綜合用電_低壓基本電費(按裝置容量計)_營業用_非夏月,元／每瓩每月,134
20030822,綜合用電_低壓基本電費(按裝置容量計)_非營業用_夏月,元／每瓩每月,140.7
20030822,綜合用電_低壓基本電費(按裝置容量計)_非營業用_非夏月,元／每瓩每月,140.7
20030822,綜合用電_高壓基本電費(按需量契約容量計)_營業用_夏月,元／每瓩每月,213
20030822,綜合用電_高壓基本電費(按需量契約容量計)_營業用_非夏月,元／每瓩每月,159
20030822,綜合用電_高壓基本電費(按需量契約容量計)_非營業用_夏月,元／每瓩每月,213
20030822,綜合用電_高壓基本電費(按需量契約容量計)_非營業用_非夏月,元／每瓩每月,159
20030822,電力用電_低壓供電基本電費(按裝置容量計)_夏月,元／每瓩每月,131
20030822,電力用電_低壓供電基本電費(按裝置容量計)_非夏月,元／每瓩每月,131
20030822,電力用電_高壓供電經常電價基本電費(按需量契約容量計)_夏月,元／每瓩每月,213
20030822,電力用電_高壓供電經常電價基本電費(按需量契約容量計)_非夏月,元／每瓩每月,159
20030822,電力用電_特高壓供電經常電價基本電費(按需量契約容量計)_夏月,元／每瓩每月,207
20030822,電力用電_特高壓供電經常電價基本電費(按需量契約容量計)_非夏月,元／每瓩每月,153
20040101,電燈用電_包燈(100瓦以下),元／每燈每月,77.7
20040101,電燈用電_表燈_營業用(330度以下)_夏月,元／每度,3.465
20040101,電燈用電_表燈_營業用(330度以下)_非夏月,元／每度,2.73
20040101,電燈用電_表燈_營業用(331~500度)_夏月,元／每度,3.465
20040101,電燈用電_表燈_營業用(331~500度)_非夏月,元／每度,2.73
20040101,電燈用電_表燈_營業用(501~700度)_夏月,元／每度,3.465
20040101,電燈用電_表燈_營業用(501~700度)_非夏月,元／每度,2.73
20040101,電燈用電_表燈_營業用(701度以上)_夏月,元／每度,3.465
20040101,電燈用電_表燈_營業用(701度以上)_非夏月,元／每度,2.73
20040101,電燈用電_表燈_非營業用(110度以下)_夏月,元／每度,2.1
20040101,電燈用電_表燈_非營業用(110度以下)_非夏月,元／每度,2.1
20040101,電燈用電_表燈_非營業用(111~330度)_夏月,元／每度,2.73
20040101,電燈用電_表燈_非營業用(111~330度)_非夏月,元／每度,2.415
20040101,電燈用電_表燈_非營業用(331~500度)_夏月,元／每度,3.36
20040101,電燈用電_表燈_非營業用(331~500度)_非夏月,元／每度,2.73
20040101,電燈用電_表燈_非營業用(501~700度)_夏月,元／每度,3.465
20040101,電燈用電_表燈_非營業用(501~700度)_非夏月,元／每度,2.73
20040101,電燈用電_表燈_非營業用(701度以上)_夏月,元／每度,3.465
20040101,電燈用電_表燈_非營業用(701度以上)_非夏月,元／每度,2.73
20040101,綜合用電_低壓基本電費(按裝置容量計)_營業用_夏月,元／每瓩每月,140.7
20040101,綜合用電_低壓基本電費(按裝置容量計)_營業用_非夏月,元／每瓩每月,140.7
20040101,綜合用電_低壓基本電費(按裝置容量計)_非營業用_夏月,元／每瓩每月,140.7
20040101,綜合用電_低壓基本電費(按裝置容量計)_非營業用_非夏月,元／每瓩每月,140.7
20040101,綜合用電_高壓基本電費(按需量契約容量計)_營業用_夏月,元／每瓩每月,223.6
20040101,綜合用電_高壓基本電費(按需量契約容量計)_營業用_非夏月,元／每瓩每月,166.9
20040101,綜合用電_高壓基本電費(按需量契約容量計)_非營業用_夏月,元／每瓩每月,223.6
20040101,綜合用電_高壓基本電費(按需量契約容量計)_非營業用_非夏月,元／每瓩每月,166.9
20040101,電力用電_低壓供電基本電費(按裝置容量計)_夏月,元／每瓩每月,137.5
20040101,電力用電_低壓供電基本電費(按裝置容量計)_非夏月,元／每瓩每月,137.5
20040101,電力用電_高壓供電經常電價基本電費(按需量契約容量計)_夏月,元／每瓩每月,223.6
20040101,電力用電_高壓供電經常電價基本電費(按需量契約容量計)_非夏月,元／每瓩每月,166.9
20040101,電力用電_特高壓供電經常電價基本電費(按需量契約容量計)_夏月,元／每瓩每月,217.3
20040101,電力用電_特高壓供電經常電價基本電費(按需量契約容量計)_非夏月,元／每瓩每月,160.6
20060701,電燈用電_包燈(100瓦以下),元／每燈每月,81.6
20060701,電燈用電_表燈_營業用(330度以下)_夏月,元／每度,3.47
20060701,電燈用電_表燈_營業用(330度以下)_非夏月,元／每度,2.73
20060701,電燈用電_表燈_營業用(331~500度)_夏月,元／每度,3.64
20060701,電燈用電_表燈_營業用(331~500度)_非夏月,元／每度,2.9
20060701,電燈用電_表燈_營業用(501~700度)_夏月,元／每度,3.74
20060701,電燈用電_表燈_營業用(501~700度)_非夏月,元／每度,2.9
20060701,電燈用電_表燈_營業用(701度以上)_夏月,元／每度,3.74
20060701,電燈用電_表燈_營業用(701度以上)_非夏月,元／每度,2.9
20060701,電燈用電_表燈_非營業用(110度以下)_夏月,元／每度,2.1
20060701,電燈用電_表燈_非營業用(110度以下)_非夏月,元／每度,2.1
20060701,電燈用電_表燈_非營業用(111~330度)_夏月,元／每度,2.73
20060701,電燈用電_表燈_非營業用(111~330度)_非夏月,元／每度,2.42
20060701,電燈用電_表燈_非營業用(331~500度)_夏月,元／每度,3.64
20060701,電燈用電_表燈_非營業用(331~500度)_非夏月,元／每度,2.9
20060701,電燈用電_表燈_非營業用(501~700度)_夏月,元／每度,3.74
20060701,電燈用電_表燈_非營業用(501~700度)_非夏月,元／每度,2.9
20060701,電燈用電_表燈_非營業用(701度以上)_夏月,元／每度,3.74
20060701,電燈用電_表燈_非營業用(701度以上)_非夏月,元／每度,2.9
20060701,綜合用電_低壓基本電費(按裝置容量計)_營業用_夏月,元／每瓩每月,140.7
20060701,綜合用電_低壓基本電費(按裝置容量計)_營業用_非夏月,元／每瓩每月,140.7
20060701,綜合用電_低壓基本電費(按裝置容量計)_非營業用_夏月,元／每瓩每月,140.7
20060701,綜合用電_低壓基本電費(按裝置容量計)_非營業用_非夏月,元／每瓩每月,140.7
20060701,綜合用電_高壓基本電費(按需量契約容量計)_營業用_夏月,元／每瓩每月,223.6
20060701,綜合用電_高壓基本電費(按需量契約容量計)_營業用_非夏月,元／每瓩每月,166.9
20060701,綜合用電_高壓基本電費(按需量契約容量計)_非營業用_夏月,元／每瓩每月,223.6
20060701,綜合用電_高壓基本電費(按需量契約容量計)_非營業用_非夏月,元／每瓩每月,166.9
20060701,電力用電_低壓供電基本電費(按裝置容量計)_夏月,元／每瓩每月,137.5
20060701,電力用電_低壓供電基本電費(按裝置容量計)_非夏月,元／每瓩每月,137.5
20060701,電力用電_高壓供電經常電價基本電費(按需量契約容量計)_夏月,元／每瓩每月,223.6
20060701,電力用電_高壓供電經常電價基本電費(按需量契約容量計)_非夏月,元／每瓩每月,166.9
20060701,電力用電_特高壓供電經常電價基本電費(按需量契約容量計)_夏月,元／每瓩每月,217.3
20060701,電力用電_特高壓供電經常電價基本電費(按需量契約容量計)_非夏月,元／每瓩每月,160.6
20080701,電燈用電_包燈(100瓦以下),元／每燈每月,91.8
20080701,電燈用電_表燈_營業用(330度以下)_夏月,元／每度,3.61
20080701,電燈用電_表燈_營業用(330度以下)_非夏月,元／每度,2.87
20080701,電燈用電_表燈_營業用(331~500度)_夏月,元／每度,3.85
20080701,電燈用電_表燈_營業用(331~500度)_非夏月,元／每度,3.09
20080701,電燈用電_表燈_營業用(501~700度)_夏月,元／每度,4.11
20080701,電燈用電_表燈_營業用(501~700度)_非夏月,元／每度,3.24
20080701,電燈用電_表燈_營業用(701度以上)_夏月,元／每度,4.47
20080701,電燈用電_表燈_營業用(701度以上)_非夏月,元／每度,3.48
20080701,電燈用電_表燈_非營業用(110度以下)_夏月,元／每度,2.1
20080701,電燈用電_表燈_非營業用(110度以下)_非夏月,元／每度,2.1
20080701,電燈用電_表燈_非營業用(111~330度)_夏月,元／每度,2.87
20080701,電燈用電_表燈_非營業用(111~330度)_非夏月,元／每度,2.54
20080701,電燈用電_表燈_非營業用(331~500度)_夏月,元／每度,3.85
20080701,電燈用電_表燈_非營業用(331~500度)_非夏月,元／每度,3.09
20080701,電燈用電_表燈_非營業用(501~700度)_夏月,元／每度,4.11
20080701,電燈用電_表燈_非營業用(501~700度)_非夏月,元／每度,3.24
20080701,電燈用電_表燈_非營業用(701度以上)_夏月,元／每度,4.47
20080701,電燈用電_表燈_非營業用(701度以上)_非夏月,元／每度,3.48
20080701,綜合用電_低壓基本電費(按裝置容量計)_營業用_夏月,元／每瓩每月,
20080701,綜合用電_低壓基本電費(按裝置容量計)_營業用_非夏月,元／每瓩每月,
20080701,綜合用電_低壓基本電費(按裝置容量計)_非營業用_夏月,元／每瓩每月,
20080701,綜合用電_低壓基本電費(按裝置容量計)_非營業用_非夏月,元／每瓩每月,
20080701,綜合用電_高壓基本電費(按需量契約容量計)_營業用_夏月,元／每瓩每月,
20080701,綜合用電_高壓基本電費(按需量契約容量計)_營業用_非夏月,元／每瓩每月,
20080701,綜合用電_高壓基本電費(按需量契約容量計)_非營業用_夏月,元／每瓩每月,
20080701,綜合用電_高壓基本電費(按需量契約容量計)_非營業用_非夏月,元／每瓩每月,
20080701,電力用電_低壓供電基本電費(按裝置容量計)_夏月,元／每瓩每月,137.5
20080701,電力用電_低壓供電基本電費(按裝置容量計)_非夏月,元／每瓩每月,137.5
20080701,電力用電_高壓供電經常電價基本電費(按需量契約容量計)_夏月,元／每瓩每月,223.6
20080701,電力用電_高壓供電經常電價基本電費(按需量契約容量計)_非夏月,元／每瓩每月,166.9
20080701,電力用電_特高壓供電經常電價基本電費(按需量契約容量計)_夏月,元／每瓩每月,217.3
20080701,電力用電_特高壓供電經常電價基本電費(按需量契約容量計)_非夏月,元／每瓩每月,160.6
20081001,電燈用電_包燈(100瓦以下),元／每燈每月,102.3
20081001,電燈用電_表燈_營業用(330度以下)_夏月,元／每度,3.76
20081001,電燈用電_表燈_營業用(330度以下)_非夏月,元／每度,3.02
20081001,電燈用電_表燈_營業用(331~500度)_夏月,元／每度,4.05
20081001,電燈用電_表燈_營業用(331~500度)_非夏月,元／每度,3.27
20081001,電燈用電_表燈_營業用(501~700度)_夏月,元／每度,4.51
20081001,電燈用電_表燈_營業用(501~700度)_非夏月,元／每度,3.55
20081001,電燈用電_表燈_營業用(701度以上)_夏月,元／每度,5.1
20081001,電燈用電_表燈_營業用(701度以上)_非夏月,元／每度,3.97
20081001,電燈用電_表燈_非營業用(110度以下)_夏月,元／每度,2.1
20081001,電燈用電_表燈_非營業用(110度以下)_非夏月,元／每度,2.1
20081001,電燈用電_表燈_非營業用(111~330度)_夏月,元／每度,3.02
20081001,電燈用電_表燈_非營業用(111~330度)_非夏月,元／每度,2.68
20081001,電燈用電_表燈_非營業用(331~500度)_夏月,元／每度,4.05
20081001,電燈用電_表燈_非營業用(331~500度)_非夏月,元／每度,3.27
20081001,電燈用電_表燈_非營業用(501~700度)_夏月,元／每度,4.51
20081001,電燈用電_表燈_非營業用(501~700度)_非夏月,元／每度,3.55
20081001,電燈用電_表燈_非營業用(701度以上)_夏月,元／每度,5.1
20081001,電燈用電_表燈_非營業用(701度以上)_非夏月,元／每度,3.97
20081001,綜合用電_低壓基本電費(按裝置容量計)_營業用_夏月,元／每瓩每月,
20081001,綜合用電_低壓基本電費(按裝置容量計)_營業用_非夏月,元／每瓩每月,
20081001,綜合用電_低壓基本電費(按裝置容量計)_非營業用_夏月,元／每瓩每月,
20081001,綜合用電_低壓基本電費(按裝置容量計)_非營業用_非夏月,元／每瓩每月,
20081001,綜合用電_高壓基本電費(按需量契約容量計)_營業用_夏月,元／每瓩每月,
20081001,綜合用電_高壓基本電費(按需量契約容量計)_營業用_非夏月,元／每瓩每月,
20081001,綜合用電_高壓基本電費(按需量契約容量計)_非營業用_夏月,元／每瓩每月,
20081001,綜合用電_高壓基本電費(按需量契約容量計)_非營業用_非夏月,元／每瓩每月,
20081001,電力用電_低壓供電基本電費(按裝置容量計)_夏月,元／每瓩每月,137.5
20081001,電力用電_低壓供電基本電費(按裝置容量計)_非夏月,元／每瓩每月,137.5
20081001,電力用電_高壓供電經常電價基本電費(按需量契約容量計)_夏月,元／每瓩每月,223.6
20081001,電力用電_高壓供電經常電價基本電費(按需量契約容量計)_非夏月,元／每瓩每月,166.9
20081001,電力用電_特高壓供電經常電價基本電費(按需量契約容量計)_夏月,元／每瓩每月,217.3
20081001,電力用電_特高壓供電經常電價基本電費(按需量契約容量計)_非夏月,元／每瓩每月,160.6
20120610,電燈用電_包燈(100瓦以下),元／每燈每月,111.79
20120610,電燈用電_表燈_營業用(330度以下)_夏月,元／每度,3.76
20120610,電燈用電_表燈_營業用(330度以下)_非夏月,元／每度,3.02
20120610,電燈用電_表燈_營業用(331~700度)_夏月,元／每度,4.62
20120610,電燈用電_表燈_營業用(331~700度)_非夏月,元／每度,3.68
20120610,電燈用電_表燈_營業用(701~1500度)_夏月,元／每度,5.48
20120610,電燈用電_表燈_營業用(701~1500度)_非夏月,元／每度,4.31
20120610,電燈用電_表燈_營業用(1501度以上)_夏月,元／每度,5.92
20120610,電燈用電_表燈_營業用(1501度以上)_非夏月,元／每度,4.64
20120610,電燈用電_表燈_非營業用(120度以下)_夏月,元／每度,2.1
20120610,電燈用電_表燈_非營業用(120度以下)_非夏月,元／每度,2.1
20120610,電燈用電_表燈_非營業用(121~330度)_夏月,元／每度,3.02
20120610,電燈用電_表燈_非營業用(121~330度)_非夏月,元／每度,2.68
20120610,電燈用電_表燈_非營業用(331~500度)_夏月,元／每度,4.39
20120610,電燈用電_表燈_非營業用(331~500度)_非夏月,元／每度,3.61
20120610,電燈用電_表燈_非營業用(501~700度)_夏月,元／每度,4.97
20120610,電燈用電_表燈_非營業用(501~700度)_非夏月,元／每度,4.01
20120610,電燈用電_表燈_非營業用_701度以上(701~1000度)_夏月,元／每度,5.63
20120610,電燈用電_表燈_非營業用_701度以上(701~1000度)_非夏月,元／每度,4.5
20120610,電燈用電_表燈_非營業用_701度以上(1001度以上)_夏月,元／每度,
20120610,電燈用電_表燈_非營業用_701度以上(1001度以上)_非夏月,元／每度,
20120610,綜合用電_低壓基本電費(按裝置容量計)_營業用_夏月,元／每瓩每月,
20120610,綜合用電_低壓基本電費(按裝置容量計)_營業用_非夏月,元／每瓩每月,
20120610,綜合用電_低壓基本電費(按裝置容量計)_非營業用_夏月,元／每瓩每月,
20120610,綜合用電_低壓基本電費(按裝置容量計)_非營業用_非夏月,元／每瓩每月,
20120610,綜合用電_高壓基本電費(按需量契約容量計)_營業用_夏月,元／每瓩每月,
20120610,綜合用電_高壓基本電費(按需量契約容量計)_營業用_非夏月,元／每瓩每月,
20120610,綜合用電_高壓基本電費(按需量契約容量計)_非營業用_夏月,元／每瓩每月,
20120610,綜合用電_高壓基本電費(按需量契約容量計)_非營業用_非夏月,元／每瓩每月,
20120610,電力用電_低壓供電基本電費(按裝置容量計)_夏月,元／每瓩每月,137.5
20120610,電力用電_低壓供電基本電費(按裝置容量計)_非夏月,元／每瓩每月,137.5
20120610,電力用電_高壓供電經常電價基本電費(按需量契約容量計)_夏月,元／每瓩每月,223.6
20120610,電力用電_高壓供電經常電價基本電費(按需量契約容量計)_非夏月,元／每瓩每月,166.9
20120610,電力用電_特高壓供電經常電價基本電費(按需量契約容量計)_夏月,元／每瓩每月,217.3
20120610,電力用電_特高壓供電經常電價基本電費(按需量契約容量計)_非夏月,元／每瓩每月,160.6
20131001,電燈用電_包燈(100瓦以下),元／每燈每月,121.28
20131001,電燈用電_表燈_營業用(330度以下)_夏月,元／每度,3.76
20131001,電燈用電_表燈_營業用(330度以下)_非夏月,元／每度,3.02
20131001,電燈用電_表燈_營業用(331~700度)_夏月,元／每度,4.62
20131001,電燈用電_表燈_營業用(331~700度)_非夏月,元／每度,3.68
20131001,電燈用電_表燈_營業用(701~1500度)_夏月,元／每度,5.48
20131001,電燈用電_表燈_營業用(701~1500度)_非夏月,元／每度,4.31
20131001,電燈用電_表燈_營業用(1501度以上)_夏月,元／每度,6.73
20131001,電燈用電_表燈_營業用(1501度以上)_非夏月,元／每度,5.31
20131001,電燈用電_表燈_非營業用(120度以下)_夏月,元／每度,2.1
20131001,電燈用電_表燈_非營業用(120度以下)_非夏月,元／每度,2.1
20131001,電燈用電_表燈_非營業用(121~330度)_夏月,元／每度,3.02
20131001,電燈用電_表燈_非營業用(121~330度)_非夏月,元／每度,2.68
20131001,電燈用電_表燈_非營業用(331~500度)_夏月,元／每度,4.39
20131001,電燈用電_表燈_非營業用(331~500度)_非夏月,元／每度,3.61
20131001,電燈用電_表燈_非營業用(501~700度)_夏月,元／每度,5.44
20131001,電燈用電_表燈_非營業用(501~700度)_非夏月,元／每度,4.48
20131001,電燈用電_表燈_非營業用_701度以上(701~1000度)_夏月,元／每度,6.16
20131001,電燈用電_表燈_非營業用_701度以上(701~1000度)_非夏月,元／每度,5.03
20131001,電燈用電_表燈_非營業用_701度以上(1001度以上)_夏月,元／每度,6.71
20131001,電燈用電_表燈_非營業用_701度以上(1001度以上)_非夏月,元／每度,5.28
20131001,綜合用電_低壓基本電費(按裝置容量計)_營業用_夏月,元／每瓩每月,
20131001,綜合用電_低壓基本電費(按裝置容量計)_營業用_非夏月,元／每瓩每月,
20131001,綜合用電_低壓基本電費(按裝置容量計)_非營業用_夏月,元／每瓩每月,
20131001,綜合用電_低壓基本電費(按裝置容量計)_非營業用_非夏月,元／每瓩每月,
20131001,綜合用電_高壓基本電費(按需量契約容量計)_營業用_夏月,元／每瓩每月,
20131001,綜合用電_高壓基本電費(按需量契約容量計)_營業用_非夏月,元／每瓩每月,
20131001,綜合用電_高壓基本電費(按需量契約容量計)_非營業用_夏月,元／每瓩每月,
20131001,綜合用電_高壓基本電費(按需量契約容量計)_非營業用_非夏月,元／每瓩每月,
20131001,電力用電_低壓供電基本電費(按裝置容量計)_夏月,元／每瓩每月,137.5
20131001,電力用電_低壓供電基本電費(按裝置容量計)_非夏月,元／每瓩每月,137.5
20131001,電力用電_高壓供電經常電價基本電費(按需量契約容量計)_夏月,元／每瓩每月,223.6
20131001,電力用電_高壓供電經常電價基本電費(按需量契約容量計)_非夏月,元／每瓩每月,166.9
20131001,電力用電_特高壓供電經常電價基本電費(按需量契約容量計)_夏月,元／每瓩每月,217.3
20131001,電力用電_特高壓供電經常電價基本電費(按需量契約容量計)_非夏月,元／每瓩每月,160.6
20150401,電燈用電_包燈(100瓦以下),元／每燈每月,101.89
20150401,電燈用電_表燈_營業用(330度以下)_夏月,元／每度,2.91
20150401,電燈用電_表燈_營業用(330度以下)_非夏月,元／每度,2.45
20150401,電燈用電_表燈_營業用(331~700度)_夏月,元／每度,4.04
20150401,電燈用電_表燈_營業用(331~700度)_非夏月,元／每度,3.32
20150401,電燈用電_表燈_營業用(701~1500度)_夏月,元／每度,4.81
20150401,電燈用電_表燈_營業用(701~1500度)_非夏月,元／每度,3.91
20150401,電燈用電_表燈_營業用(1501度以上)_夏月,元／每度,6.73
20150401,電燈用電_表燈_營業用(1501度以上)_非夏月,元／每度,5.31
20150401,電燈用電_表燈_非營業用(120度以下)_夏月,元／每度,1.89
20150401,電燈用電_表燈_非營業用(120度以下)_非夏月,元／每度,1.89
20150401,電燈用電_表燈_非營業用(121~330度)_夏月,元／每度,2.73
20150401,電燈用電_表燈_非營業用(121~330度)_非夏月,元／每度,2.42
20150401,電燈用電_表燈_非營業用(331~500度)_夏月,元／每度,4
20150401,電燈用電_表燈_非營業用(331~500度)_非夏月,元／每度,3.3
20150401,電燈用電_表燈_非營業用(501~700度)_夏月,元／每度,5.15
20150401,電燈用電_表燈_非營業用(501~700度)_非夏月,元／每度,4.24
20150401,電燈用電_表燈_非營業用_701度以上(701~1000度)_夏月,元／每度,5.99
20150401,電燈用電_表燈_非營業用_701度以上(701~1000度)_非夏月,元／每度,4.9
20150401,電燈用電_表燈_非營業用_701度以上(1001度以上)_夏月,元／每度,6.71
20150401,電燈用電_表燈_非營業用_701度以上(1001度以上)_非夏月,元／每度,5.28
20150401,綜合用電_低壓基本電費(按裝置容量計)_營業用_夏月,元／每瓩每月,
20150401,綜合用電_低壓基本電費(按裝置容量計)_營業用_非夏月,元／每瓩每月,
20150401,綜合用電_低壓基本電費(按裝置容量計)_非營業用_夏月,元／每瓩每月,
20150401,綜合用電_低壓基本電費(按裝置容量計)_非營業用_非夏月,元／每瓩每月,
20150401,綜合用電_高壓基本電費(按需量契約容量計)_營業用_夏月,元／每瓩每月,
20150401,綜合用電_高壓基本電費(按需量契約容量計)_營業用_非夏月,元／每瓩每月,
20150401,綜合用電_高壓基本電費(按需量契約容量計)_非營業用_夏月,元／每瓩每月,
20150401,綜合用電_高壓基本電費(按需量契約容量計)_非營業用_非夏月,元／每瓩每月,
20150401,電力用電_低壓供電基本電費(按裝置容量計)_夏月,元／每瓩每月,137.5
20150401,電力用電_低壓供電基本電費(按裝置容量計)_非夏月,元／每瓩每月,137.5
20150401,電力用電_高壓供電經常電價基本電費(按需量契約容量計)_夏月,元／每瓩每月,223.6
20150401,電力用電_高壓供電經常電價基本電費(按需量契約容量計)_非夏月,元／每瓩每月,166.9
20150401,電力用電_特高壓供電經常電價基本電費(按需量契約容量計)_夏月,元／每瓩每月,217.3
20150401,電力用電_特高壓供電經常電價基本電費(按需量契約容量計)_非夏月,元／每瓩每月,160.6
20151001,電燈用電_包燈(100瓦以下),元／每燈每月,99.52
20151001,電燈用電_表燈_營業用(330度以下)_夏月,元／每度,2.81
20151001,電燈用電_表燈_營業用(330度以下)_非夏月,元／每度,2.35
20151001,電燈用電_表燈_營業用(331~700度)_夏月,元／每度,3.94
20151001,電燈用電_表燈_營業用(331~700度)_非夏月,元／每度,3.22
20151001,電燈用電_表燈_營業用(701~1500度)_夏月,元／每度,4.71
20151001,電燈用電_表燈_營業用(701~1500度)_非夏月,元／每度,3.81
20151001,電燈用電_表燈_營業用(1501度以上)_夏月,元／每度,6.73
20151001,電燈用電_表燈_營業用(1501度以上)_非夏月,元／每度,5.31
20151001,電燈用電_表燈_非營業用(120度以下)_夏月,元／每度,1.81
20151001,電燈用電_表燈_非營業用(120度以下)_非夏月,元／每度,1.81
20151001,電燈用電_表燈_非營業用(121~330度)_夏月,元／每度,2.64
20151001,電燈用電_表燈_非營業用(121~330度)_非夏月,元／每度,2.33
20151001,電燈用電_表燈_非營業用(331~500度)_夏月,元／每度,3.9
20151001,電燈用電_表燈_非營業用(331~500度)_非夏月,元／每度,3.2
20151001,電燈用電_表燈_非營業用(501~700度)_夏月,元／每度,5.09
20151001,電燈用電_表燈_非營業用(501~700度)_非夏月,元／每度,4.18
20151001,電燈用電_表燈_非營業用_701度以上(701~1000度)_夏月,元／每度,5.94
20151001,電燈用電_表燈_非營業用_701度以上(701~1000度)_非夏月,元／每度,4.85
20151001,電燈用電_表燈_非營業用_701度以上(1001度以上)_夏月,元／每度,6.71
20151001,電燈用電_表燈_非營業用_701度以上(1001度以上)_非夏月,元／每度,5.28
20151001,綜合用電_低壓基本電費(按裝置容量計)_營業用_夏月,元／每瓩每月,
20151001,綜合用電_低壓基本電費(按裝置容量計)_營業用_非夏月,元／每瓩每月,
20151001,綜合用電_低壓基本電費(按裝置容量計)_非營業用_夏月,元／每瓩每月,
20151001,綜合用電_低壓基本電費(按裝置容量計)_非營業用_非夏月,元／每瓩每月,
20151001,綜合用電_高壓基本電費(按需量契約容量計)_營業用_夏月,元／每瓩每月,
20151001,綜合用電_高壓基本電費(按需量契約容量計)_營業用_非夏月,元／每瓩每月,
20151001,綜合用電_高壓基本電費(按需量契約容量計)_非營業用_夏月,元／每瓩每月,
20151001,綜合用電_高壓基本電費(按需量契約容量計)_非營業用_非夏月,元／每瓩每月,
20151001,電力用電_低壓供電基本電費(按裝置容量計)_夏月,元／每瓩每月,137.5
20151001,電力用電_低壓供電基本電費(按裝置容量計)_非夏月,元／每瓩每月,137.5
20151001,電力用電_高壓供電經常電價基本電費(按需量契約容量計)_夏月,元／每瓩每月,223.6
20151001,電力用電_高壓供電經常電價基本電費(按需量契約容量計)_非夏月,元／每瓩每月,166.9
20151001,電力用電_特高壓供電經常電價基本電費(按需量契約容量計)_夏月,元／每瓩每月,217.3
20151001,電力用電_特高壓供電經常電價基本電費(按需量契約容量計)_非夏月,元／每瓩每月,160.6
20160401,電燈用電_包燈(100瓦以下),元／每燈每月,99.01
20160401,電燈用電_表燈_營業用(330度以下)_夏月,元／每度,2.53
20160401,電燈用電_表燈_營業用(330度以下)_非夏月,元／每度,2.12
20160401,電燈用電_表燈_營業用(331~700度)_夏月,元／每度,3.55
20160401,電燈用電_表燈_營業用(331~700度)_非夏月,元／每度,2.91
20160401,電燈用電_表燈_營業用(701~1500度)_夏月,元／每度,4.25
20160401,電燈用電_表燈_營業用(701~1500度)_非夏月,元／每度,3.44
20160401,電燈用電_表燈_營業用(1501度以上)_夏月,元／每度,6.15
20160401,電燈用電_表燈_營業用(1501度以上)_非夏月,元／每度,4.85
20160401,電燈用電_表燈_非營業用(120度以下)_夏月,元／每度,1.63
20160401,電燈用電_表燈_非營業用(120度以下)_非夏月,元／每度,1.63
20160401,電燈用電_表燈_非營業用(121~330度)_夏月,元／每度,2.38
20160401,電燈用電_表燈_非營業用(121~330度)_非夏月,元／每度,2.1
20160401,電燈用電_表燈_非營業用(331~500度)_夏月,元／每度,3.52
20160401,電燈用電_表燈_非營業用(331~500度)_非夏月,元／每度,2.89
20160401,電燈用電_表燈_非營業用(501~700度)_夏月,元／每度,4.61
20160401,電燈用電_表燈_非營業用(501~700度)_非夏月,元／每度,3.79
20160401,電燈用電_表燈_非營業用_701度以上(701~1000度)_夏月,元／每度,5.42
20160401,電燈用電_表燈_非營業用_701度以上(701~1000度)_非夏月,元／每度,4.42
20160401,電燈用電_表燈_非營業用_701度以上(1001度以上)_夏月,元／每度,6.13
20160401,電燈用電_表燈_非營業用_701度以上(1001度以上)_非夏月,元／每度,4.83
20160401,綜合用電_低壓基本電費(按裝置容量計)_營業用_夏月,元／每瓩每月,
20160401,綜合用電_低壓基本電費(按裝置容量計)_營業用_非夏月,元／每瓩每月,
20160401,綜合用電_低壓基本電費(按裝置容量計)_非營業用_夏月,元／每瓩每月,
20160401,綜合用電_低壓基本電費(按裝置容量計)_非營業用_非夏月,元／每瓩每月,
20160401,綜合用電_高壓基本電費(按需量契約容量計)_營業用_夏月,元／每瓩每月,
20160401,綜合用電_高壓基本電費(按需量契約容量計)_營業用_非夏月,元／每瓩每月,
20160401,綜合用電_高壓基本電費(按需量契約容量計)_非營業用_夏月,元／每瓩每月,
20160401,綜合用電_高壓基本電費(按需量契約容量計)_非營業用_非夏月,元／每瓩每月,
20160401,電力用電_低壓供電基本電費(按裝置容量計)_夏月,元／每瓩每月,137.5
20160401,電力用電_低壓供電基本電費(按裝置容量計)_非夏月,元／每瓩每月,137.5
20160401,電力用電_高壓供電經常電價基本電費(按需量契約容量計)_夏月,元／每瓩每月,223.6
20160401,電力用電_高壓供電經常電價基本電費(按需量契約容量計)_非夏月,元／每瓩每月,166.9
20160401,電力用電_特高壓供電經常電價基本電費(按需量契約容量計)_夏月,元／每瓩每月,217.3
20160401,電力用電_特高壓供電經常電價基本電費(按需量契約容量計)_非夏月,元／每瓩每月,160.6
20161001,電燈用電_包燈(100瓦以下),元／每燈每月,90.01
20161001,電燈用電_表燈_營業用(330度以下)_夏月,元／每度,2.53
20161001,電燈用電_表燈_營業用(330度以下)_非夏月,元／每度,2.12
20161001,電燈用電_表燈_營業用(331~700度)_夏月,元／每度,3.55
20161001,電燈用電_表燈_營業用(331~700度)_非夏月,元／每度,2.91
20161001,電燈用電_表燈_營業用(701~1500度)_夏月,元／每度,4.25
20161001,電燈用電_表燈_營業用(701~1500度)_非夏月,元／每度,3.44
20161001,電燈用電_表燈_營業用(1501度以上)_夏月,元／每度,6.15
20161001,電燈用電_表燈_營業用(1501度以上)_非夏月,元／每度,4.85
20161001,電燈用電_表燈_非營業用(120度以下)_夏月,元／每度,1.63
20161001,電燈用電_表燈_非營業用(120度以下)_非夏月,元／每度,1.63
20161001,電燈用電_表燈_非營業用(121~330度)_夏月,元／每度,2.38
20161001,電燈用電_表燈_非營業用(121~330度)_非夏月,元／每度,2.1
20161001,電燈用電_表燈_非營業用(331~500度)_夏月,元／每度,3.52
20161001,電燈用電_表燈_非營業用(331~500度)_非夏月,元／每度,2.89
20161001,電燈用電_表燈_非營業用(501~700度)_夏月,元／每度,4.61
20161001,電燈用電_表燈_非營業用(501~700度)_非夏月,元／每度,3.79
20161001,電燈用電_表燈_非營業用_701度以上(701~1000度)_夏月,元／每度,5.42
20161001,電燈用電_表燈_非營業用_701度以上(701~1000度)_非夏月,元／每度,4.42
20161001,電燈用電_表燈_非營業用_701度以上(1001度以上)_夏月,元／每度,6.13
20161001,電燈用電_表燈_非營業用_701度以上(1001度以上)_非夏月,元／每度,4.83
20161001,綜合用電_低壓基本電費(按裝置容量計)_營業用_夏月,元／每瓩每月,
20161001,綜合用電_低壓基本電費(按裝置容量計)_營業用_非夏月,元／每瓩每月,
20161001,綜合用電_低壓基本電費(按裝置容量計)_非營業用_夏月,元／每瓩每月,
20161001,綜合用電_低壓基本電費(按裝置容量計)_非營業用_非夏月,元／每瓩每月,
20161001,綜合用電_高壓基本電費(按需量契約容量計)_營業用_夏月,元／每瓩每月,
20161001,綜合用電_高壓基本電費(按需量契約容量計)_營業用_非夏月,元／每瓩每月,
20161001,綜合用電_高壓基本電費(按需量契約容量計)_非營業用_夏月,元／每瓩每月,
20161001,綜合用電_高壓基本電費(按需量契約容量計)_非營業用_非夏月,元／每瓩每月,
20161001,電力用電_低壓供電基本電費(按裝置容量計)_夏月,元／每瓩每月,137.5
20161001,電力用電_低壓供電基本電費(按裝置容量計)_非夏月,元／每瓩每月,137.5
20161001,電力用電_高壓供電經常電價基本電費(按需量契約容量計)_夏月,元／每瓩每月,223.6
20161001,電力用電_高壓供電經常電價基本電費(按需量契約容量計)_非夏月,元／每瓩每月,166.9
20161001,電力用電_特高壓供電經常電價基本電費(按需量契約容量計)_夏月,元／每瓩每月,217.3
20161001,電力用電_特高壓供電經常電價基本電費(按需量契約容量計)_非夏月,元／每瓩每月,160.6
20180401,電燈用電_包燈(100瓦以下),元／每燈每月,92.74
20180401,電燈用電_表燈_營業用(330度以下)_夏月,元／每度,2.53
20180401,電燈用電_表燈_營業用(330度以下)_非夏月,元／每度,2.12
20180401,電燈用電_表燈_營業用(331~700度)_夏月,元／每度,3.55
20180401,電燈用電_表燈_營業用(331~700度)_非夏月,元／每度,2.91
20180401,電燈用電_表燈_營業用(701~1500度)_夏月,元／每度,4.25
20180401,電燈用電_表燈_營業用(701~1500度)_非夏月,元／每度,3.44
20180401,電燈用電_表燈_營業用(1501度以上)_夏月,元／每度,6.43
20180401,電燈用電_表燈_營業用(1501度以上)_非夏月,元／每度,5.05
20180401,電燈用電_表燈_非營業用(120度以下)_夏月,元／每度,1.63
20180401,電燈用電_表燈_非營業用(120度以下)_非夏月,元／每度,1.63
20180401,電燈用電_表燈_非營業用(121~330度)_夏月,元／每度,2.38
20180401,電燈用電_表燈_非營業用(121~330度)_非夏月,元／每度,2.1
20180401,電燈用電_表燈_非營業用(331~500度)_夏月,元／每度,3.52
20180401,電燈用電_表燈_非營業用(331~500度)_非夏月,元／每度,2.89
20180401,電燈用電_表燈_非營業用(501~700度)_夏月,元／每度,4.8
20180401,電燈用電_表燈_非營業用(501~700度)_非夏月,元／每度,3.94
20180401,電燈用電_表燈_非營業用_701度以上(701~1000度)_夏月,元／每度,5.66
20180401,電燈用電_表燈_非營業用_701度以上(701~1000度)_非夏月,元／每度,4.6
20180401,電燈用電_表燈_非營業用_701度以上(1001度以上)_夏月,元／每度,6.41
20180401,電燈用電_表燈_非營業用_701度以上(1001度以上)_非夏月,元／每度,5.03
20180401,綜合用電_低壓基本電費(按裝置容量計)_營業用_夏月,元／每瓩每月,
20180401,綜合用電_低壓基本電費(按裝置容量計)_營業用_非夏月,元／每瓩每月,
20180401,綜合用電_低壓基本電費(按裝置容量計)_非營業用_夏月,元／每瓩每月,
20180401,綜合用電_低壓基本電費(按裝置容量計)_非營業用_非夏月,元／每瓩每月,
20180401,綜合用電_高壓基本電費(按需量契約容量計)_營業用_夏月,元／每瓩每月,
20180401,綜合用電_高壓基本電費(按需量契約容量計)_營業用_非夏月,元／每瓩每月,
20180401,綜合用電_高壓基本電費(按需量契約容量計)_非營業用_夏月,元／每瓩每月,
20180401,綜合用電_高壓基本電費(按需量契約容量計)_非營業用_非夏月,元／每瓩每月,
20180401,電力用電_低壓供電基本電費(按裝置容量計)_夏月,元／每瓩每月,137.5
20180401,電力用電_低壓供電基本電費(按裝置容量計)_非夏月,元／每瓩每月,137.5
20180401,電力用電_高壓供電經常電價基本電費(按需量契約容量計)_夏月,元／每瓩每月,223.6
20180401,電力用電_高壓供電經常電價基本電費(按需量契約容量計)_非夏月,元／每瓩每月,166.9
20180401,電力用電_特高壓供電經常電價基本電費(按需量契約容量計)_夏月,元／每瓩每月,217.3
20180401,電力用電_特高壓供電經常電價基本電費(按需量契約容量計)_非夏月,元／每瓩每月,160.6
